{"name":"GetBillIntent","identifier":"TYMXJQUIGF","description":null,"parentIntentSignature":null,"sampleUtterances":[{"utterance":"Can you provide information about my latest bill?"},{"utterance":"I'd like to know about the details of my latest bill."},{"utterance":"Can you give me an update on my most recent bill?"},{"utterance":"What are the details of the bill I received recently?"},{"utterance":"Can you tell me the specifics of my latest billing statement?"},{"utterance":"I want to see the information regarding my recent bill."},{"utterance":"Could you give me some information about my most recent bill?"},{"utterance":"Can you share the details of the bill I received recently?"},{"utterance":"I'm interested in knowing about the specifics of my latest bill."},{"utterance":"Can you provide an update on the details of my most recent bill?"}],"intentConfirmationSetting":null,"intentClosingSetting":null,"initialResponseSetting":{"initialResponse":{"allowInterrupt":true,"messageGroupsList":[{"message":{"imageResponseCard":null,"ssmlMessage":null,"customPayload":null,"plainTextMessage":{"value":"There is no outstanding bill on your account. Your bill from January '23 was 200 DKK."}},"variations":[{"imageResponseCard":null,"ssmlMessage":null,"customPayload":null,"plainTextMessage":{"value":"Your account is current and up to date. Your latest bill was 200 DKK for January '23."}}]}]},"codeHook":{"isActive":true,"enableCodeHookInvocation":true,"postCodeHookSpecification":{"failureResponse":null,"failureNextStep":{"sessionAttributes":null,"intent":{"name":null,"slots":null},"dialogAction":{"type":"EndConversation","slotToElicit":null,"suppressNextMessage":null}},"failureConditional":null,"successNextStep":{"sessionAttributes":null,"intent":{"name":null,"slots":null},"dialogAction":{"type":"EndConversation","slotToElicit":null,"suppressNextMessage":null}},"successResponse":null,"successConditional":null,"timeoutResponse":null,"timeoutNextStep":{"sessionAttributes":null,"intent":{"name":null,"slots":null},"dialogAction":{"type":"EndConversation","slotToElicit":null,"suppressNextMessage":null}},"timeoutConditional":null},"invocationLabel":null},"conditional":null,"nextStep":{"sessionAttributes":null,"intent":{"name":null,"slots":null},"dialogAction":{"type":"InvokeDialogCodeHook","slotToElicit":null,"suppressNextMessage":null}}},"inputContexts":null,"outputContexts":null,"kendraConfiguration":null,"dialogCodeHook":null,"fulfillmentCodeHook":null,"slotPriorities":[]}